prediction_track_ranking,ranking_quantile,ranking_quintile,ranking_decile,ranking_vigintile,exp_calibration_error,max_calibration_error,macro_precision,macro_recall,macro_f1,n_entries,accuracy_top1,accuracy_top5,accuracy_top10,accuracy_top20,X80,X90,X95,X99
1,0.0033444816053511705,1,1,1,0.122735514932605,0.25058912596401,0.9171996124649588,0.7900405171855487,0.842476433611813,38,0.8193110739141926,0.9303145097348251,0.9494317681261563,0.9615892872874636,1,3,11,299
2,0.006688963210702341,1,1,1,0.243590873050832,0.243590873050832,0.8320600014078731,0.8075854985613242,0.80441808914942,113,0.7564091269491675,0.920623733591754,0.9443220861598097,0.9560391154964321,2,4,15,318
3,0.010033444816053512,1,1,1,0.338119989428244,0.338119989428244,0.9138052093960644,0.6133296554880234,0.7431251982449837,69,0.6618800105717558,0.9132235045370451,0.9344551140868645,0.9344551140868645,2,4,1314,1314
4,0.013377926421404682,1,1,1,0.034055975855754,0.117882833229486,0.9315319442674623,0.7460006446823917,0.8214202627204275,119,0.796317505065633,0.9089948022200687,0.929785921945203,0.9450268698793058,2,4,25,244
5,0.016722408026755852,1,1,1,0.152788671930226,0.458152388,0.9113267454513692,0.725763622043699,0.8071564177639944,101,0.7842480838692626,0.9022112589199189,0.92899304026077,0.9449387719143688,2,5,26,311
6,0.020066889632107024,1,1,1,0.0778357516111356,0.200983640041754,0.9319096651312574,0.7011295601925379,0.7985508758207482,68,0.7637212580389393,0.8999207118315566,0.9229142806801163,0.9229142806801163,2,6,1314,1314
7,0.023411371237458192,1,1,1,0.145788487285702,0.335594674098101,0.947124881916767,0.6993793583120347,0.8003122250322223,14,0.7664522949519866,0.8993921240419346,0.9221213989956832,0.9396528940181482,2,6,33,265
8,0.026755852842809364,1,1,1,0.0921187449607964,0.285768662320442,0.9055674253104185,0.7420826311984001,0.8098572965179082,46,0.7873315126420579,0.8979825566029425,0.920711831556691,0.9410624614571403,2,6,33,338
9,0.030100334448160536,1,1,1,0.0455098952263236,0.137651640966767,0.8718890376104217,0.7498211274903378,0.7975562829750905,28,0.787948198396617,0.893841952250903,0.9180688926085807,0.938155228614219,2,7,32,260
10,0.033444816053511704,1,1,1,0.240856144040173,0.240856144040173,0.9123725358652071,0.6845166269086098,0.7844963896635149,60,0.7583472821777817,0.8955158135847062,0.9158664434851554,0.9327812527530615,2,6,43,380
11,0.03678929765886288,1,1,1,0.189557454312647,0.394815726833076,0.9172981499364604,0.6997697077384207,0.7934006438502869,54,0.7575544004933487,0.8902299356884856,0.9157783455202185,0.9343670161219276,2,7,39,1314
12,0.04013377926421405,1,1,1,0.891903797022289,0.891903797022289,0.0889508600500537,0.09617184254909848,0.19025656286313963,68,0,0,0.9133116025019822,0.9133116025019822,10,10,1314,1314
13,0.043478260869565216,1,1,1,0.18949961668422,0.389765176345793,0.9130871723767547,0.6902372676129368,0.7817994187144255,82,0.7554400493348604,0.8904942295832966,0.9128711126772971,0.9314597832790062,2,7,46,535
14,0.046822742474916385,1,1,1,0.00888908466214432,0.00888908466214432,0.1301378733891443,0.09439916714385235,0.24347927882264864,34,0,0,0.9127830147123601,0.9127830147123601,10,10,1314,1314
15,0.05016722408026756,1,1,2,0.086063185886706,0.252201734279919,0.9061866503501286,0.7036158607041871,0.7878156708761317,47,0.7643379437934984,0.8881155845299974,0.912166328957801,0.9311954893841953,2,8,43,1314
16,0.05351170568561873,1,1,2,0.197331772412122,0.72862103,0.8861008765316729,0.7226265732095939,0.7943443556472923,12,0.7754382873755616,0.8862655272663201,0.911725839133116,0.9340146242621795,2,8,39,359
17,0.056856187290969896,1,1,2,0.210818090355123,0.373663110124859,0.8746450398444277,0.6980782582187339,0.7796488981923985,22,0.7500660734737028,0.8818606290194696,0.9106686635538719,0.9319883710686283,2,8,42,414
18,0.06020066889632107,1,1,2,0.147155154874284,0.274490387243243,0.8979154154427528,0.6849698757978828,0.777226489454115,57,0.7455730772619152,0.8810677473350366,0.9086424103603207,0.9086424103603207,2,8,1314,1314
19,0.06354515050167224,1,1,2,0.064916328957801,0.193272660098522,0.8408232021503391,0.692842996196953,0.764756649327004,15,0.7504184653334508,0.8773676328076822,0.9078495286758876,0.9282882565412739,2,9,52,388
20,0.06688963210702341,1,1,2,0.045122892858779,0.117448361885442,0.9365833177773292,0.6846822037050965,0.7977563305982975,21,0.7504184653334508,0.8794819839661704,0.9067042551317065,0.9283763545062109,2,9,46,372
21,0.07023411371237458,1,1,2,0.10509193259563,0.277527992903846,0.926487964028179,0.6354781911093853,0.7643098617165277,56,0.7206413531847414,0.8774557307726192,0.9051184917628403,0.9236190643996124,2,9,56,410
22,0.07357859531772576,1,1,2,0.0805163911347017,0.248057691441441,0.8859390104321606,0.6975898048289922,0.7777798193912687,29,0.7510351510880099,0.8751651836842569,0.903092238569289,0.9257334155581006,2,10,59,555
23,0.07692307692307693,1,1,2,0.0981921931354066,0.276792830967153,0.8988792447995171,0.6805667974522951,0.7748068129308803,42,0.7498898775438287,0.8748127918245089,0.90247555281473,0.9236190643996124,2,10,51,393
24,0.0802675585284281,1,1,2,0.734849324575517,0.757551583302908,0.4137603669101288,0.23629266065146928,0.369137766937734,141,0.08889084662144305,0.4048101488855607,0.9020350629900449,0.9188617742930139,8,10,97,626
25,0.08361204013377926,1,1,2,0.126289880803453,0.461898,0.9459398006458677,0.6382119552857283,0.769668611515577,9,0.7240771738172849,0.8767509470531231,0.8993921240419346,0.9257334155581006,2,11,103,1314
26,0.08695652173913043,1,1,2,0.134426153634716,0.814264533567776,0.9703992991982355,0.41709926143343246,0.6908768890839339,33,0.5878777200246674,0.8715531671218395,0.8989516342172496,0.9230023786450533,3,11,63,932
27,0.0903010033444816,1,1,2,0.0550092564736542,0.132961208598917,0.9163599771208304,0.6668459130894493,0.7853577698983117,15,0.7405514932605057,0.8730508325257686,0.8987754382873756,0.9176284027838957,2,11,60,407
28,0.09364548494983277,1,1,2,0.11223757676122,0.23905649622638,0.9128136895371665,0.649077380806256,0.7689974685082397,11,0.717381728482072,0.8649458197515637,0.8965729891639503,0.9170117170293366,2,12,56,341
29,0.09698996655518395,1,1,2,0.0896572861663926,0.264189323706294,0.8827781237877003,0.688954523896724,0.7735312717088645,21,0.7442516077878601,0.8646815258567527,0.8949872257950842,0.9170117170293366,2,12,71,531
30,0.10033444816053512,1,2,3,0.137828483293102,0.370139112640449,0.8705124530437878,0.7087404164084967,0.7775524539339864,13,0.7493612897542067,0.8649458197515637,0.8948110298652101,0.9166593251695886,2,12,68,447
31,0.10367892976588629,1,2,3,0.0515159185982737,0.537523766865643,0.8616995927003842,0.6394234107244559,0.7537396318100452,72,0.7227557043432297,0.8619504889437054,0.8945467359703991,0.9193903620826359,2,12,55,297
32,0.10702341137123746,1,2,3,0.0215771782667607,0.0658689307725947,0.9109490262115018,0.6876718769807353,0.7860050160393518,7,0.7531495022464981,0.8652982116113118,0.8913752092326668,0.9126949167474231,2,13,73,513
33,0.11036789297658862,1,2,3,0.32411241300326,0.32411241300326,0.8994723453272964,0.5888159762468846,0.7399705970878109,10,0.6225002202449124,0.8613338031891463,0.8908466214430447,0.9133997004669192,3,13,76,553
34,0.11371237458193979,1,2,3,0.218923111805127,0.386343039796495,0.8741643099550744,0.6489231321488137,0.7582355532700562,46,0.7208175491146155,0.858338472381288,0.8872346048806272,0.9088186062901947,2,16,81,701
35,0.11705685618729098,1,2,3,0.035617138345485,0.103102065546998,0.8384053547081285,0.6667227911703406,0.7505565247482268,14,0.7211699409743635,0.8545502598889966,0.8860893313364461,0.9088186062901947,3,15,77,365
36,0.12040133779264214,1,2,3,0.09917431406869,0.213846157041997,0.9315788298380678,0.5942194844742211,0.7471502099060456,23,0.6905999471412211,0.859131354065721,0.884327372037706,0.9082019205356356,3,16,84,666
37,0.12374581939799331,1,2,3,0.221483307367487,0.295240535019959,0.844722677322575,0.6362991637956418,0.7381767629363487,8,0.698528763985552,0.8519954189058233,0.8812439432649106,0.9041494141485331,3,18,144,724
38,0.12709030100334448,1,2,3,0.0749844718527002,0.189601421647819,0.87469324087084,0.6290291590947227,0.7465277857078343,24,0.7127125363404105,0.8498810677473351,0.8810677473350366,0.9057351775173994,3,17,73,420
39,0.13043478260869565,1,2,3,0.0542654078371987,0.15290766245509,0.9393674387863304,0.6172452991209348,0.7625611181270351,18,0.7032860540921505,0.8560479252929257,0.8805391595454145,0.902387454849793,3,19,120,1314
40,0.13377926421404682,1,2,3,0.00150647520042287,0.00150647520042287,0.11401608506384353,0.0738418835849966,0.24105972486123606,11,0,0,0.8800986697207295,0.8800986697207295,10,1314,1314,1314
41,0.13712374581939799,1,2,3,0.0961086958277778,0.272785302736617,0.8679615571796112,0.6512297847551952,0.7489733019545242,25,0.7201127653951194,0.8512025372213902,0.8796581798960444,0.9048541978680292,3,18,101,583
42,0.14046822742474915,1,2,3,0.180480102161395,0.422551276497585,0.8861699540576361,0.6705617759993341,0.7690149562623444,24,0.7274248964848912,0.8549026517487446,0.8788652982116113,0.8990397321821866,3,21,131,771
43,0.14381270903010032,1,2,3,0.101722715268754,0.270473813657407,0.856480775759352,0.6879912506083969,0.7633207360749947,6,0.7364989868734032,0.8526121046603824,0.8771914368778081,0.8989516342172496,2,21,124,795
44,0.14715719063545152,1,2,3,0.598925800016946,0.598925800016946,0.8535470408730217,0.5020093777768947,0.6659495024273079,14,0.601268610695093,0.8376354506210907,0.8755175755440049,0.903092238569289,4,18,103,682
45,0.1505016722408027,1,2,4,0.221537024071109,0.391920102847004,0.8955241332540613,0.5451237951194416,0.6958933369089894,16,0.6436437318297947,0.840542683464012,0.8749889877543828,0.8973658708483834,4,23,167,873
46,0.15384615384615385,1,2,4,0.1055204142478,0.213895781024179,0.866134536375722,0.5891919961518886,0.7236079963969028,9,0.6718350806096379,0.8384283323055237,0.8741080081050128,0.9020350629900449,3,19,81,390
47,0.15719063545150502,1,2,4,0.1055204142478,0.213895781024179,0.866134536375722,0.5891919961518886,0.7236079963969028,31,0.6718350806096379,0.8384283323055237,0.8741080081050128,0.9020350629900449,3,19,81,390
48,0.1605351170568562,1,2,4,0.308623689542772,0.84912109375,0.9204130153226531,0.5919951827567511,0.7375944533768862,3,0.6831116201215752,0.8445070918861775,0.8738437142102018,0.8948991278301471,3,24,146,795
49,0.16387959866220736,1,2,4,0.123129556560509,0.311425705038725,0.9184572586187635,0.4941870493635216,0.7063297658639335,26,0.6257598449475817,0.839837899744516,0.8702316976477843,0.893753854285966,3,26,155,1314
50,0.16722408026755853,1,2,4,0.0473841742561237,0.115474250439571,0.9432152962509287,0.6029588482641751,0.7572590080784464,36,0.6878689102281738,0.8413355651484451,0.8680292485243591,0.894106246145714,3,24,149,635
51,0.1705685618729097,1,2,4,0.319643699989287,0.737770519741526,0.8364501870832863,0.6689356916295753,0.7517892183251548,14,0.7265439168355211,0.841511761078319,0.8678530525944851,0.893401462426218,3,25,109,1043
52,0.17391304347826086,1,2,4,0.162063885144569,0.391882301907091,0.7705599685635931,0.6455538326593573,0.7181698946364407,19,0.7098053034974892,0.8338472381287992,0.867676856664611,0.8975420667782574,3,22,102,568
53,0.17725752508361203,1,2,4,0.15166531405603,0.347681277439703,0.7518784494528389,0.6430361249054074,0.7055370667627916,18,0.6772090564707955,0.8304995154611928,0.8665315831204299,0.8963086952691393,4,23,126,586
54,0.1806020066889632,1,2,4,0.15166531405603,0.347681277439703,0.7518784494528389,0.6430361249054074,0.7055370667627916,1,0.6772090564707955,0.8304995154611928,0.8665315831204299,0.8963086952691393,4,23,126,586
55,0.18394648829431437,1,2,4,0.0487922320301295,0.123100130767947,0.8627221966920465,0.5505588237277577,0.716204783217952,8,0.6411769888115585,0.823187384371421,0.8639767421372566,0.8953396176548322,4,23,81,405
56,0.18729096989966554,1,2,4,0.102101186532706,0.274653187877919,0.9038257407981812,0.6057432946418803,0.737159522141521,73,0.6825830323319532,0.8347282177781693,0.8638886441723196,0.8817725310545327,3,44,1314,1314
57,0.19063545150501673,1,2,4,0.195348324212311,0.422627763158454,0.9098921885631429,0.6329113073941499,0.7655579313694294,7,0.716941238657387,0.840190291604264,0.8637124482424456,0.8798343758259184,3,1314,1314,1314
58,0.1939799331103679,1,2,4,0.521452179528282,0.917705476284027,0.6991312022923278,0.19817105362223073,0.6766533549384933,24,0.4762575984494758,0.725134349396529,0.8629195665580125,0.8629195665580125,6,1314,1314,1314
59,0.19732441471571907,1,2,4,0.11580591788882,0.308563972724458,0.7067006870672184,0.7041352690492182,0.7030366713355104,22,0.6912166328957801,0.823011188441547,0.8625671746982645,0.8878512906351863,4,30,150,641
60,0.20066889632107024,2,3,5,0.038964957272487,0.104362372188139,0.7944082521075381,0.654974767427495,0.7301476528367914,31,0.6905999471412211,0.822658796581799,0.8624790767333275,0.8897894458638006,4,28,129,600
61,0.2040133779264214,2,3,5,0.139541030915999,0.364738479694899,0.7406519087999869,0.6749328456981829,0.7066655706996627,9,0.6797638974539688,0.8182538983349484,0.8623028808034534,0.8864417231961942,5,32,221,1314
62,0.20735785953177258,2,3,5,0.0638034444992737,0.166363438725133,0.9138382592426865,0.5996437373223795,0.7429601754412287,44,0.6800281913487799,0.832085278830059,0.8620385869086424,0.885560743546824,3,32,128,577
63,0.21070234113712374,2,3,5,0.107580864795866,0.231672756847811,0.9490610398621713,0.5301784522611327,0.71996632510045,40,0.645493789093472,0.8295304378468857,0.8611576072592723,0.8858250374416351,3,31,148,772
64,0.2140468227424749,2,3,5,0.0540829745571988,0.1526416345691,0.7301444699084582,0.6303789125425526,0.6950789204419745,9,0.6682230640472205,0.8214254250726808,0.858602766276099,0.8940181481807771,4,24,102,531
65,0.21739130434782608,2,3,5,0.256614619950851,0.657713744601973,0.7397897796388143,0.7045227350904513,0.720361811771203,6,0.6745661175226852,0.813760902123161,0.8577217866267289,0.8832701964584618,5,35,133,649
66,0.22073578595317725,2,3,5,0.260750716865474,0.653740407761628,0.8239360987765812,0.6514102522204467,0.7378929035018279,28,0.7026693683375914,0.8225706986168619,0.8575455906968549,0.8833582944233989,4,32,163,839
67,0.22408026755852842,2,3,5,0.184480362480839,0.452517656777409,0.7770038838980373,0.6565593642518649,0.7243839508014042,21,0.6942119637036385,0.8200158576336887,0.8573693947669809,0.8888203682494934,4,28,123,565
68,0.22742474916387959,2,3,5,0.0852867302440314,0.192320172259508,0.716547179837511,0.6323407806444856,0.685011014012382,10,0.655096467271606,0.8104131794555546,0.8544621619240595,0.8872346048806272,5,28,105,767
69,0.23076923076923078,2,3,5,0.284005079621179,0.548270840736544,0.9229086307316792,0.6100840448930321,0.7457703091298685,86,0.6863712448242446,0.8216897189674919,0.8527002026253193,0.8781605144921152,4,38,198,1314
70,0.23411371237458195,2,3,5,0.155805555700405,0.354501253054027,0.7244372138757779,0.5926933801444544,0.6766482933104679,23,0.6444366135142279,0.8064487710333891,0.8519073209408863,0.8833582944233989,5,30,135,907
71,0.23745819397993312,2,3,5,0.214794901512493,0.387762545164104,0.8753484705151187,0.6171023397463999,0.7366584530215038,28,0.7019645846180953,0.8236278741961061,0.8515549290811383,0.8767509470531231,4,42,200,866
72,0.2408026755852843,2,3,5,0.222488657387014,0.324957240051348,0.7397883954188674,0.4944620893743594,0.6355217668551592,19,0.5968637124482424,0.7936745661175227,0.8512025372213902,0.8718174610166505,6,47,211,949
73,0.24414715719063546,2,3,5,0.0309313644603119,0.0968886288253478,0.8549913700213695,0.6013242986475631,0.7190457921363937,12,0.6700731213108977,0.8148180777024051,0.8504096555369571,0.8796581798960444,4,34,131,593
74,0.24749163879598662,2,3,5,0.10393874421122,0.232515418635947,0.8393322180011326,0.6277786305371086,0.734638620969292,1,0.7032860540921505,0.8173729186855784,0.849528675887587,0.8784248083869263,4,34,149,651
75,0.2508361204013378,2,3,6,0.071723038902298,0.190943311369395,0.9143249688690632,0.5570451531079442,0.7240782697305045,17,0.6469033565324641,0.8128799224737908,0.8475905206589728,0.8777200246674302,5,36,121,556
76,0.25418060200668896,2,3,6,0.120532772442957,0.94,0.9236792816957471,0.5904389943638831,0.7380704256658923,16,0.6691040436965906,0.8207206413531848,0.8464452471147916,0.8722579508413356,4,54,1314,1314
77,0.25752508361204013,2,3,6,0.0654226646015329,0.125129411004304,0.7638970511404285,0.5789049042014115,0.687900523591049,35,0.6322790943529204,0.8002819134877984,0.8445951898511145,0.8784248083869263,5,34,128,580
78,0.2608695652173913,2,3,6,0.148948839943617,0.324801038338658,0.9498196981370413,0.5471759736430105,0.7206179680782621,16,0.6559774469209761,0.8175491146154524,0.8442427979913664,0.8689102281737292,4,47,178,757
79,0.26421404682274247,2,3,6,0.118222679497514,0.272721070850406,0.9045155170032326,0.5032879975174065,0.691676366379806,11,0.6177429301383138,0.8013390890670425,0.8435380142718704,0.8737556162452648,5,36,151,718
80,0.26755852842809363,2,3,6,0.0712129409743635,0.200669967427702,0.8360607912667057,0.6097444536453936,0.7243392430929227,16,0.6754470971720553,0.8108536692802396,0.8429213285173113,0.8679411505594221,5,60,373,854
81,0.2709030100334448,2,3,6,0.103938862835874,0.215037981955307,0.7410255008776035,0.6117900368667487,0.692690175526316,22,0.6632014800458109,0.8031010483657828,0.8423927407276892,0.8741961060699498,5,36,144,583
82,0.27424749163879597,2,3,6,0.153123054906394,0.342970431320535,0.7332167578490774,0.5159103464638677,0.6489777318889398,9,0.5870848383402344,0.7927054885032155,0.8421284468328781,0.885208351687076,6,27,106,543
83,0.27759197324414714,2,3,6,0.218598341648199,0.473766457864947,0.9221241523234066,0.5659930946621781,0.7212269877263933,9,0.6488415117610783,0.8070654567879482,0.840278389569201,0.8680292485243591,5,49,230,1314
84,0.2809364548494983,2,3,6,0.211292273196194,0.361793433497615,0.8274733354180706,0.5842085122309751,0.7067131980689375,17,0.6471676504272751,0.7982556602942472,0.8374592546912166,0.8712888732270284,6,43,148,746
85,0.2842809364548495,2,3,6,0.0832818622794733,0.177126209446052,0.620463062298571,0.3839186227178627,0.5785546223737494,4,0.504184653334508,0.8069773588230111,0.8373711567262796,0.841159369218571,5,1314,1314,1314
86,0.28762541806020064,2,3,6,0.10346450046809,0.192825160323395,0.897211342957418,0.48088206197381295,0.6857623967415768,5,0.5962470266936833,0.7935864681525857,0.8361377852171615,0.8704959915425954,6,38,127,658
87,0.2909698996655518,2,3,6,0.0288096009162188,0.0778622668161435,0.7424264503726904,0.36621602896969946,0.5857983122447198,7,0.4912342524887675,0.770416703374152,0.8360496872522245,0.8553431415734296,7,1314,1314,1314
88,0.29431438127090304,2,3,6,0.132854008105013,0.381754396825397,0.7532220657406404,0.6409656758164226,0.696453687825903,3,0.6593251695885824,0.7974627786098141,0.8355210994626024,0.8573693947669809,6,1314,1314,1314
89,0.2976588628762542,2,3,6,0.120695190222095,0.245566951459075,0.7781290505319857,0.6069500869751709,0.7071422741791062,16,0.6494581975156374,0.7952603294863889,0.8344639238833583,0.8717293630517136,6,38,125,588
90,0.3010033444816054,2,4,7,0.107710078920448,0.187147010081037,0.7857622377210703,0.5665939139897693,0.6914788879174133,5,0.6202977711214871,0.7907673332746014,0.8328781605144921,0.867500660734737,6,44,152,646
91,0.30434782608695654,2,4,7,0.0546867061707407,0.30570420206374,0.9102247402510684,0.48356219604824807,0.7010070221614519,4,0.6010924147652189,0.7892696678706722,0.8322614747599331,0.8638886441723196,6,46,170,691
92,0.3076923076923077,2,4,7,0.0495304217675759,0.141253013397812,0.8827728563633012,0.4894930605105061,0.7247105706293934,3,0.6121046603823451,0.7942031539071448,0.831997180865122,0.8611576072592723,6,53,1305,1305
93,0.3110367892976589,2,4,7,0.0329461078613678,0.109468655785826,0.7594147225109998,0.41504869629206187,0.6012896079352124,46,0.5285877896220598,0.7752620914456876,0.8319090829001851,0.8517311250110122,7,1314,1314,1314
94,0.31438127090301005,2,4,7,0.279179957712977,0.556811387900356,0.7578621176468764,0.5505849030160912,0.6647423934864714,17,0.6072592723108097,0.7719143687780812,0.8304114174962558,0.8304114174962558,8,1314,1314,1314
95,0.3177257525083612,2,4,7,0.271402623748458,0.494119984870806,0.8927611341658669,0.5538552475021424,0.7046525378974378,21,0.6350982292309048,0.7897101576953572,0.8294423398819487,0.8630957624878866,6,47,193,1314
96,0.3210702341137124,2,4,7,0.149921298906269,0.417184967685972,0.9360423557427848,0.5359481699932993,0.7111143335782777,22,0.6259360408774557,0.7976389745396881,0.8286494581975157,0.8512025372213902,6,99,1314,1314
97,0.32441471571906355,2,4,7,0.0384453283483393,0.133896663705263,0.7455418489069392,0.5015387907828958,0.6533971308041953,6,0.5742225354594309,0.7737644260417584,0.8274160866883975,0.866883974980178,7,37,114,484
98,0.3277591973244147,2,4,7,0.00864241036032067,0.00864241036032067,0.11564542724141827,0.07541088030108659,0.22535794060948608,6,0,0,0.8264470090740904,0.8264470090740904,10,1314,1314,1314
99,0.3311036789297659,2,4,7,0.13885812674434,0.346925565445026,0.901654749415629,0.44642189891230644,0.6699273134227781,21,0.5673508941943441,0.7791384019029161,0.8258303233195313,0.8628314685930755,7,44,1314,1314
100,0.33444816053511706,2,4,7,0.0670542417738587,0.172956316731779,0.8862817906614741,0.5121472381720079,0.6878130669584105,14,0.6140428156109594,0.7824861245705225,0.8243326579156022,0.8615980970839574,7,45,152,712
101,0.3377926421404682,2,4,7,0.313036672311086,0.508492390564628,0.812058358354587,0.5776587888745964,0.6936087730307602,21,0.6396793234076292,0.7823980266055854,0.822834992511673,0.8551669456435557,7,57,184,890
102,0.3411371237458194,2,4,7,0.0740749294467448,0.156092359599156,0.7129430585389535,0.4900836831149558,0.636531393617935,12,0.5684080697735883,0.7672451766364197,0.8210730332129328,0.8636243502775086,8,39,122,605
103,0.34448160535117056,2,4,7,0.0781080700147284,0.146217160887018,0.6738605019007675,0.5210480262845739,0.6376496993534131,6,0.5780107479517224,0.769623821689719,0.8208087393181217,0.859043256100784,8,47,151,616
104,0.34782608695652173,2,4,7,0.284008808442486,0.490102500101701,0.82928860415665,0.5745712609223755,0.6950889053726567,8,0.6396793234076292,0.7825742225354594,0.8207206413531848,0.8515549290811383,7,65,203,1314
105,0.3511705685618729,2,4,8,0.0774958156867298,0.196739338890484,0.9184153231517981,0.47236441140439084,0.6866113522929936,5,0.5847942912518721,0.778962205973042,0.8183419962998855,0.8559598273279887,8,54,189,624
106,0.35451505016722407,2,4,8,0.0169940974363492,0.0169940974363492,0.20305503435551986,0.09307055995410886,0.32723497931071654,17,0,0,0.8183419962998855,0.8183419962998855,10,1314,1314,1314
107,0.35785953177257523,2,4,8,0.169370420277949,0.300140260015198,0.7710052871036673,0.5606042994613082,0.6747659281917232,7,0.619592987401991,0.7769359527794908,0.8173729186855784,0.8477667165888468,8,75,335,1040
108,0.3612040133779264,2,4,8,0.120209710035757,0.400261776487518,0.9242424616390109,0.3482630505483601,0.6592990587659611,6,0.5024226940357678,0.7711214870936481,0.8166681349660823,0.8566646110474848,8,52,183,1314
109,0.36454849498327757,2,4,8,0.110410381403312,0.240781920254545,0.7867036781520396,0.5334928105920328,0.6755559462531289,26,0.6163333626993216,0.7732358382521364,0.8162276451413972,0.8540216720993745,8,50,164,680
110,0.36789297658862874,2,4,8,0.185146461846533,0.370279784779951,0.8865623060504831,0.4955235868967784,0.6828181518392277,5,0.5988899656417936,0.7719143687780812,0.8159633512465863,0.8519073209408863,8,53,179,774
111,0.3712374581939799,2,4,8,0.117563217968015,0.386548773672563,0.9247501134921791,0.35417021872247034,0.6606080754997565,5,0.5063871024579332,0.7686547440754119,0.8155228614219011,0.8553431415734296,8,52,199,1314
112,0.3745819397993311,2,4,8,0.142388772375121,0.25741164312933,0.8844701443112757,0.4836568083215856,0.6781437077722711,18,0.5866443485155493,0.7741168179015064,0.814994273632279,0.8506739494317681,8,55,178,674
113,0.3779264214046823,2,4,8,0.138476339604792,0.285651751804511,0.905730764584588,0.463223945018189,0.6720881371246977,14,0.5763368866179192,0.7712095850585852,0.8148180777024051,0.8515549290811383,8,57,196,848
114,0.38127090301003347,2,4,8,0.358846922738617,0.551854442963076,0.7632213197213882,0.5881784046067441,0.6749436307089447,3,0.6352744251607788,0.7746454056911285,0.8134085102634129,0.8456523654303586,8,62,194,804
115,0.38461538461538464,2,4,8,0.24451956200973,0.426915320789532,0.7346083734943218,0.5580599291047594,0.6717492837705608,12,0.6215311426306053,0.769711919654656,0.8105893753854286,0.8430094264822483,9,64,190,653
116,0.3879598662207358,2,4,8,0.110223079727409,0.399949284566838,0.9183107574211891,0.3048808981762855,0.6462157525721995,2,0.4707955246233812,0.7577305964232226,0.8100607875958066,0.8541978680292486,9,48,174,1314
117,0.391304347826087,2,4,8,0.176446098085066,0.326971559817386,0.8311679980118911,0.4353992150739136,0.677449526948406,6,0.5688485595982733,0.7599330455466479,0.8096202977711214,0.8447713857809884,9,57,186,754
118,0.39464882943143814,2,4,8,0.109412893753854,0.157696691505216,0.870792440539895,0.5313289883363653,0.6895901274349532,21,0.6121046603823451,0.7733239362170734,0.8094441018412475,0.8421284468328781,9,67,217,1314
119,0.3979933110367893,2,4,8,0.026021825785041,0.0823281658435209,0.7668520434031759,0.4299713596394,0.6643679718130882,19,0.5327283939740992,0.7474231345255925,0.8094441018412475,0.858426570346225,10,40,115,465
120,0.4013377926421405,3,5,9,0.0666081374328252,0.204123764235764,0.8015765375630319,0.5383010120019248,0.6551700024097761,12,0.6171262443837547,0.7747335036560655,0.8094441018412475,0.831997180865122,9,1314,1314,1314
121,0.40468227424749165,3,5,9,0.0273212016562417,0.0970545986984815,0.7601196061760624,0.426885655029613,0.6606394686499689,34,0.530173552990926,0.7480398202801515,0.8089155140516254,0.8574574927319178,9,42,117,625
122,0.4080267558528428,3,5,9,0.292681664424324,0.5235794764499,0.6959061747181556,0.5624129711016393,0.6520943428789642,16,0.6010043168002819,0.761518808915514,0.8086512201568143,0.8470619328693507,9,67,260,809
123,0.411371237458194,3,5,9,0.184361730244031,0.184361730244031,0.005062501913878567,0.006146514646876557,0.13322071324916784,2,0.005638269755968637,0.03911549643203242,0.8085631221918773,0.8085631221918773,10,1314,1314,1314
124,0.41471571906354515,3,5,9,0.107831589428805,0.279651536782617,0.8860445288422526,0.4772593584920528,0.6805317068961817,17,0.5908730508325257,0.7636331600740023,0.8082107303321293,0.8430975244471852,9,78,302,919
125,0.4180602006688963,3,5,9,0.494433815435185,0.722300157293902,0.7196247424686985,0.615912139705516,0.6574891515052671,8,0.645493789093472,0.7726191524975773,0.8075059466126332,0.841071271253634,9,72,238,848
126,0.4214046822742475,3,5,9,0.0834963307400229,0.191835736175743,0.868246227779158,0.4710094550830172,0.6721143084695744,1,0.5813584706193287,0.7603735353713329,0.8067130649282002,0.8467976389745396,10,64,179,800
127,0.42474916387959866,3,5,9,0.121972121078807,0.248769152457274,0.9356072327798282,0.4655485444697519,0.6821605507085073,4,0.5856752709012422,0.7773764426041758,0.804686811734649,0.832085278830059,9,108,390,1047
128,0.4280936454849498,3,5,9,0.0922889473684626,0.253585282947933,0.8593730956762929,0.5430023030918518,0.693682378268899,4,0.6263765307021408,0.7668046868117346,0.8040701259800899,0.8358734913223504,10,104,1314,1314
129,0.431438127090301,3,5,9,0.19895926721029,0.37905949981378,0.7082818969945829,0.47565280364213985,0.6425271307860858,10,0.5741344374944939,0.7562329310192935,0.8005462073826095,0.8367544709717205,10,81,256,791
130,0.43478260869565216,3,5,9,0.0816278902881986,0.187799861851108,0.8555437543009683,0.48541892478478493,0.6741478463482515,7,0.5934278918156991,0.7541185798608052,0.7996652277332393,0.8380759404457757,11,72,242,1314
131,0.43812709030100333,3,5,9,0.128132086406533,0.368002296587926,0.9209001701632328,0.5129579745176444,0.6996507220688424,12,0.6085807417848648,0.7711214870936481,0.7986080521539952,0.8261827151792793,11,1314,1314,1314
132,0.4414715719063545,3,5,9,0.0629477579067923,0.129432739059968,0.6499161209622163,0.4542589348246551,0.6074154511581883,25,0.5427715619769183,0.7463659589463484,0.7982556602942472,0.8275041846533345,11,1314,1314,1314
133,0.44481605351170567,3,5,9,0.371360643036842,0.555471871630555,0.755592381693035,0.5361773144825736,0.6604418118841839,15,0.5985375737820456,0.7568496167738525,0.7975508765747511,0.8337591401638622,11,78,223,1145
134,0.44816053511705684,3,5,9,0.192042970927672,0.389047220168067,0.7197571975816135,0.49733623212748823,0.6388790686866233,11,0.5959827327988724,0.7514756409126949,0.7974627786098141,0.8339353360937363,11,74,229,1314
135,0.451505016722408,3,5,10,0.0702164239135759,0.119547205992439,0.8845576251623135,0.43787850254737987,0.6624150037376002,8,0.5594220773500133,0.7483922121398996,0.796669896925381,0.8372830587613426,11,64,189,848
136,0.45484949832775917,3,5,10,0.299022868450357,0.579003625439137,0.7332526930388208,0.5610081710821356,0.6758244578736867,7,0.619592987401991,0.7526209144568761,0.796053211170822,0.8303233195313189,11,80,244,813
137,0.45819397993311034,3,5,10,0.421156502375781,0.616768617271425,0.7043725873881413,0.5929538627748908,0.6409176289217569,27,0.6094617214342348,0.7483922121398996,0.7905030393797903,0.8262708131442164,12,82,207,706
138,0.46153846153846156,3,5,10,0.0305556548091436,0.116354139280026,0.7767305161175702,0.4397867580890155,0.6605448636948377,2,0.5501717910316272,0.7285701700290723,0.7885648841511761,0.8384283323055237,12,58,185,1073
139,0.46488294314381273,3,5,10,0.0260942499033116,0.0917216428947932,0.8392652101689928,0.5067574703358834,0.6848382283492194,16,0.6204739670513612,0.7510351510880099,0.787683904501806,0.8189586820544446,14,120,302,776
140,0.4682274247491639,3,5,10,0.0785303419186856,0.157916978189438,0.8320739550380029,0.42850970234014624,0.6386102438707664,3,0.5277949079376266,0.7202008633600564,0.7777288344639239,0.8211611311778698,14,82,220,689
141,0.47157190635451507,3,5,10,0.160835682795348,0.25990032942959,0.6139976861309911,0.4825772547947696,0.6097911722640718,12,0.5496432032420051,0.7286582679940093,0.7768478548145538,0.8168443308959563,15,98,290,912
142,0.47491638795986624,3,5,10,0.18130115969129,0.40849369713516,0.7813517358280128,0.4639842010902545,0.6286625969683256,4,0.5443573253457845,0.7406395912254427,0.7724429565677032,0.8215135230376178,16,79,228,684
143,0.4782608695652174,3,5,10,0.0373630138313805,0.116005610942249,0.7898990694937357,0.36373369353114515,0.6199816094920646,1,0.49237952603294866,0.7137697119196547,0.769711919654656,0.8211611311778698,16,75,218,1314
144,0.4816053511705686,3,5,10,0.110530804209813,0.309054905725043,0.8772460390535852,0.4587982802021147,0.6675350540226832,5,0.5697295392476434,0.7325345784512378,0.7682142542507268,0.7927935864681526,24,1314,1314,1314
145,0.48494983277591974,3,5,10,0.519808567975547,0.784715244085064,0.6652498299313313,0.5865779572669073,0.6269585717429682,5,0.5979208880274866,0.7302440313628755,0.7680380583208528,0.7999295216280504,21,134,380,903
146,0.4882943143812709,3,5,10,0.0623216983018236,0.0977527162704174,0.8233993897119569,0.4330392173912306,0.6377721453645916,7,0.5209232666725399,0.7183508060963791,0.7676856664611047,0.8148180777024051,16,92,231,730
147,0.4916387959866221,3,5,10,0.16450235646551,0.295717745419223,0.5701319199386844,0.39049803616015216,0.5924334622086758,4,0.5151968989516342,0.7035503479869615,0.7635450621090653,0.8179015064752004,17,70,186,729
148,0.49498327759197325,3,5,10,0.400212712044754,0.570238374940813,0.9132041981909195,0.21534682004247557,0.6059813957358244,3,0.407100695973923,0.7100695973923002,0.7633688661791913,0.8134966082283499,17,92,256,753
149,0.4983277591973244,3,5,10,0.0810799211466851,0.345066501714013,0.8738453354194685,0.12111832596089304,0.6224302124586928,4,0.3325698176372126,0.6826711302968902,0.7630164743194432,0.8174610166505154,16,71,206,1314
150,0.5016722408026756,3,6,11,0.157259824025181,0.400560088946225,0.8597859980450354,0.36555320634053234,0.6052257725087212,5,0.478107655713153,0.707779050303938,0.7623116905999472,0.7975508765747511,21,83,224,691
151,0.5050167224080268,3,6,11,0.380699188953312,0.57972245071595,0.6578547034448262,0.5552556737421371,0.6032202597017783,8,0.5704343229671395,0.7176460223768831,0.7617831028103251,0.8043344198749008,19,98,244,737
152,0.5083612040133779,3,6,11,0.330317590956468,0.590086976459391,0.5611368544900708,0.59487700185315,0.5912933939495478,9,0.575279711038675,0.7174698264470091,0.7608140251960179,0.8038939300502158,19,103,233,1314
153,0.5117056856187291,3,6,11,0.177197779976712,0.384515897970508,0.2510112999725155,0.10745888794151195,0.4240573050268197,6,0.16139547176460223,0.7407276891903797,0.7593163597920888,0.760197339441459,1314,1314,1314,1314
154,0.5150501672240803,3,6,11,0.134671349701874,0.268393245445404,0.9062481636039349,0.4186388192934857,0.6465210871914504,4,0.5428596599418554,0.7180865122015682,0.7586996740375297,0.7947317416967669,23,165,404,1086
155,0.5183946488294314,3,6,11,0.123737541592309,0.268014723610451,0.7151571831849948,0.5149261966516271,0.6336032587457623,19,0.557660118051273,0.7134173200599067,0.7565853228790415,0.7924411946084046,24,138,339,829
156,0.5217391304347826,3,6,11,0.0645960646434278,0.138154289981192,0.5766415041119041,0.3872545193419924,0.584594593855822,9,0.4982820896837283,0.6883094000528588,0.7563210289842305,0.8168443308959563,17,63,158,590
157,0.5250836120401338,3,6,11,0.415376252252039,0.823548621190131,0.24133356220723343,0.09621333593298505,0.42421363270612267,12,0.14271870319795613,0.5559862567174698,0.7546471676504273,0.7546471676504273,1314,1314,1314,1314
158,0.5284280936454849,3,6,11,0.415376252252039,0.823548621190131,0.24133356220723343,0.09621333593298505,0.42421363270612267,8,0.14271870319795613,0.5559862567174698,0.7546471676504273,0.7546471676504273,1314,1314,1314,1314
159,0.5317725752508361,3,6,11,0.0629009362170734,0.193614193018481,0.695668899248248,0.40905794294216485,0.592822788689221,4,0.5196898951634217,0.6999383314245441,0.7484803101048366,0.8023962646462867,20,150,1314,1314
160,0.5351170568561873,3,6,11,0.453090991041573,0.84680289401642606,0.2080496289880519,0.08172285213348365,0.39634398814108895,3,0.12439432649105805,0.5704343229671395,0.7475112324905294,0.7475112324905294,1314,1314,1314,1314
161,0.5384615384615384,3,6,11,0.457046373365342,0.457046373365342,0.6124126011768601,0.4541245771802195,0.598216723578671,6,0.5262972425336975,0.6935071799841424,0.7457492731917893,0.7923530966434675,23,116,321,844
162,0.5418060200668896,3,6,11,0.136942111305964,0.242906139343936,0.5599671360725709,0.3945990160347857,0.5778238011310305,6,0.48436261122368074,0.6824949343670161,0.7453087833671043,0.7956127213461369,22,101,277,835
163,0.5451505016722408,3,6,11,0.069526195908465,0.140899343514408,0.7068452417611385,0.33220100373986206,0.6218505395791477,2,0.49158664434851557,0.6844330895956303,0.743458726103427,0.7950841335565149,22,105,259,736
164,0.5484949832775919,3,6,11,0.107119055727634,0.405842722283274,0.945330335761839,0.2105746555489958,0.6014517938947606,2,0.39450268698793056,0.6934190820192053,0.7425777464540569,0.78786010043168,25,117,292,976
165,0.5518394648829431,3,6,12,0.0739729666989693,0.138337417997097,0.6054134640443048,0.38437068416407466,0.6057042006299806,7,0.4885032155757202,0.6752709012421813,0.7409038851202537,0.7985199541890582,21,90,259,1314
166,0.5551839464882943,3,6,12,0.155522816220211,0.264942225223313,0.5439571988855205,0.3618939430161316,0.5420456216383387,1,0.4652453528323496,0.6739494317681262,0.7393181217513876,0.796229407100696,22,98,277,891
167,0.5585284280936454,3,6,12,0.141907032580003,0.295909059792446,0.8715829329067725,0.43616429431053505,0.6339053653540927,4,0.5418905823275483,0.6978239802660559,0.7376442604175844,0.7646903356532464,45,411,856,1256
168,0.5618729096989966,3,6,12,0.384990191098381,0.629951052393055,0.5597305735210785,0.5300421315319636,0.5812821125073065,4,0.556779138401903,0.6865474407541186,0.7305964232226235,0.7750858955158136,31,165,305,760
169,0.5652173913043478,3,6,12,0.0413275467963098,0.113328028669829,0.6894711371987786,0.33252961979760437,0.60499837697444,7,0.43590873050832524,0.6640824596951811,0.7291868557836314,0.7846885736939476,24,95,255,886
170,0.568561872909699,3,6,12,0.0942622276824949,0.15522785527897,0.6217336567567917,0.32926396270912517,0.5775073796405293,2,0.44921152321381375,0.6602942472028897,0.725134349396529,0.7905030393797903,22,73,187,613
171,0.5719063545150501,3,6,12,0.238657105742356,0.455989171305393,0.7534868545496134,0.46295103387267456,0.6170568392731983,1,0.5105277068099727,0.6610871288873227,0.7242533697471588,0.7646022376883094,36,225,469,1037
172,0.5752508361204013,3,6,12,0.159157783455202,0.224377791959158,0.5554649670873636,0.4444228892499127,0.5753058220301949,4,0.49132235045370454,0.7225795084133556,0.7225795084133556,0.7225795084133556,1314,1314,1314,1314
173,0.5785953177257525,3,6,12,0.0508585289699289,0.833333333333333,0.6439432281718507,0.48216820966067175,0.6066210031729441,7,0.5380142718703198,0.6560655448859132,0.7191436877808123,0.7191436877808123,1314,1314,1314,1314
174,0.5819397993311036,3,6,12,0.0514966366866246,0.15782240990269,0.6201267476146386,0.44649647543074683,0.6051052097125467,2,0.5336974715884063,0.6729803541538191,0.716941238657387,0.7480398202801515,173,980,1314,1314
175,0.5852842809364549,3,6,12,0.227440447180257,0.453345212079603,0.7044752193470123,0.6253142909545235,0.6769809994596724,3,0.6602061492379526,0.6971191965465597,0.7053123072857017,0.7136816139547176,1314,1314,1314,1314
176,0.5886287625418061,3,6,12,0.0273575843101048,0.0777307649056604,0.645649339756796,0.2986715735911759,0.5890327048042946,3,0.43740639591225444,0.6335124658620386,0.7038146418817726,0.7637212580389393,31,112,241,682
177,0.5919732441471572,3,6,12,0.100718400688986,0.358371526040797,0.4699145330187062,0.3535165029696338,0.5167730666393184,7,0.4319443220861598,0.6587084838340235,0.7021407805479694,0.7457492731917893,47,1314,1314,1314
178,0.5953177257525084,3,6,12,0.0488125942272363,0.146493247529404,0.5787107799328999,0.28007721516846745,0.5698922524231333,10,0.4037529733063166,0.6261122368073297,0.7016121927583473,0.7642498458285614,32,105,241,973
179,0.5986622073578596,3,6,12,0.374895620852143,0.468464041462706,0.19475300616148047,0.0903125552632698,0.3565430797735192,3,0.18500572636772092,0.6358030129504009,0.7013478988635362,0.7631926702493173,31,124,283,971
180,0.6020066889632107,4,7,13,0.194614918656845,0.385490551004938,0.8775165394520908,0.3838958976064643,0.6467962117677869,6,0.5276187120077526,0.6650515373094882,0.7010836049687252,0.7180865122015682,136,616,971,1294
181,0.6053511705685619,4,7,13,0.0582941398114704,0.112155703163017,0.7821291623239106,0.25403219869465965,0.5978136883013365,11,0.4299180688926086,0.6257598449475817,0.6831116201215752,0.7425777464540569,45,194,447,1314
182,0.6086956521739131,4,7,13,0.0827649022112589,0.128431081712062,0.4457228535814923,0.524458453910067,0.5298167278960294,17,0.45863800546207384,0.6179191260681878,0.67324464804863,0.725134349396529,46,130,317,1314
183,0.6120401337792643,4,7,13,0.376480608250635,0.742948212278142,0.5097109199039109,0.47926365879639554,0.5153433827774578,14,0.45907849528675887,0.6147475993304554,0.6730684521187561,0.7237247819575368,60,239,390,814
184,0.6153846153846154,4,7,13,0.281677891809796,0.479952126658768,0.40830618861489093,0.28643494583229623,0.461447576010274,17,0.38445951898511144,0.5766892784776672,0.6596775614483306,0.7337679499603559,37,107,244,712
185,0.6187290969899666,4,7,13,0.0728292374472734,0.233386125597668,0.4374958103306988,0.21978816661189757,0.4872886740660506,3,0.31274777552638533,0.5721081843009427,0.654479781517047,0.7266320148004581,45,133,273,756
186,0.6220735785953178,4,7,13,0.13456045635591601,0.346638223871734,0.575803206185921,0.29304234551325853,0.5418305769774221,15,0.42877279534842744,0.5920183243767069,0.6538630957624879,0.717029336622324,49,156,337,876
187,0.6254180602006689,4,7,13,0.13188047719514,0.247688935480237,0.4632581273706961,0.38328384258426706,0.4941695950219817,13,0.39855519337503303,0.583737115672628,0.6485772178662673,0.7101576953572373,55,174,271,730
188,0.6287625418060201,4,7,13,0.455959002422648,0.828850904917429,0.6362807902558097,0.5944069079490157,0.608529886827296,2,0.5428596599418554,0.6280503920359439,0.6400317152673773,0.6493700995507004,1314,1314,1314,1314
189,0.6321070234113713,4,7,13,0.129570532984308,0.259056102801866,0.6547938800152824,0.2118505922372882,0.5489114668592601,3,0.3743282530173553,0.5655008369306669,0.6327195841776055,0.6965025107920007,65,196,392,902
190,0.6354515050167224,4,7,13,0.359776162408901,0.748869975424518,0.5430500597293457,0.4460380563912022,0.5010614932857297,3,0.4136199453792617,0.5749273191789269,0.6321028984230465,0.6896308695269139,78,298,458,890
191,0.6387959866220736,4,7,13,0.118826442590818,0.218629617704686,0.353123949298773,0.13704185673756195,0.4347177133678932,3,0.30235221566381815,0.530878336710422,0.6271694123865739,0.7095410096026782,1314,1314,1314,1314
192,0.6421404682274248,4,7,13,0.213042080464055,0.594827205176765,0.876258527402763,0.15080568051279736,0.5963750089794774,3,0.3282530173552991,0.5478812439432649,0.6155404810148886,0.6920095145802132,59,168,329,900
193,0.6454849498327759,4,7,13,0.134056701699341,0.28521786770903,0.4954495947795334,0.1482723889930614,0.47998614635054426,3,0.2635010131265968,0.5153730948815083,0.6142190115408334,0.7041670337415206,45,97,195,565
194,0.6488294314381271,4,7,13,0.35020738551928,0.763215161938587,0.567213796561821,0.4303256858571653,0.4970361768692136,1,0.39344551140868644,0.5496432032420051,0.611047484803101,0.6685754559069685,92,293,464,907
195,0.6521739130434783,4,7,14,0.303095042603797,0.508787807415832,0.6773985395046491,0.3029258069387335,0.5479495575489082,3,0.4007576424984583,0.5604792529292574,0.6090212316095498,0.6537749977975509,203,596,913,1210
196,0.6555183946488294,4,7,14,0.21917109260629,0.436739714787234,0.6305742846034681,0.32227921362024703,0.5586900875033541,12,0.42269403576777376,0.55774821601621,0.6047044313276363,0.6506034710598185,137,356,595,1048
197,0.6588628762541806,4,7,14,0.0657332938067131,0.179894412610063,0.5663807106478599,0.13260442717629237,0.5022151558522495,1,0.26332481719672274,0.5075323760021143,0.6004757290106598,0.6802043872786538,51,151,367,1314
198,0.6622073578595318,4,7,14,0.0967865322133422,0.393506586074829,0.5240518651715269,0.13781707352363134,0.48146656677477223,2,0.26156285789798256,0.4973130120694212,0.5987137697119197,0.6869879305788036,50,119,241,764
199,0.6655518394648829,4,7,14,0.108491786836372,0.330595087147221,0.5057231099899988,0.13656010729035453,0.47491752692021827,7,0.2649105805655889,0.5033036736851378,0.5973042022729275,0.6760637829266144,70,1314,1314,1314
200,0.6688963210702341,4,7,14,0.170445928731125,0.347726375042553,0.6423095506278964,0.2850507750664847,0.542102315800095,3,0.4023434058673245,0.5480574398731389,0.5961589287287463,0.6405603030569994,284,989,1223,1290
201,0.6722408026755853,4,7,14,0.0428244207558805,0.0428244207558805,0.10314574622693781,0.03504761574842816,0.18734087024437238,3,0,0,0.5945731653598801,0.5945731653598801,1314,1314,1314,1314
202,0.6755852842809364,4,7,14,0.230605957122632,0.419575498085106,0.5925562729201068,0.2523464147686471,0.5432515686153923,2,0.3928288256541274,0.5241828913752092,0.5737820456347459,0.6238216897189675,156,391,633,1100
203,0.6789297658862876,4,7,14,0.0426566518919057,0.19988975117126,0.6665865138372473,0.09046137719459488,0.5454122258384354,9,0.2946876927142983,0.5102634129151616,0.5726367720905647,0.6416174786362435,97,257,461,909
204,0.6822742474916388,4,7,14,0.15688206133185,0.378044509369394,0.442827359349031,0.14084689034292963,0.4365575100886233,1,0.24596951810413178,0.47907673332746015,0.5684961677385253,0.6590608756937715,66,151,313,901
205,0.68561872909699,4,7,14,0.0975971779349837,0.19996984968421,0.4386900403793591,0.13761893511908302,0.5318617198264429,5,0.3239362170733856,0.4949343670161219,0.5648841511761078,0.6343053475464717,92,237,411,844
206,0.6889632107023411,4,7,14,0.0892836813585816,0.36230542643748,0.6860974357088069,0.08434737300579197,0.5245979022101502,2,0.23971456259360407,0.4810148885560743,0.5561624526473439,0.6327195841776055,62,133,245,1314
207,0.6923076923076923,4,7,14,0.0667061772691233,0.0667061772691233,0.4482857000851893,0.07861559282681413,0.473890001188108,2,0.24852435908730508,0.46559774469209764,0.5496432032420051,0.5496432032420051,1314,1314,1314,1314
208,0.6956521739130435,4,7,14,0.0917662467905493,0.515121868737831,0.41537973116981164,0.06767954645622529,0.4493085899541904,1,0.21354946700731214,0.44066602061492377,0.5300854550259889,0.6156285789798256,81,188,337,871
209,0.6989966555183946,4,7,14,0.162322987571797,0.25610428354327,0.6467512147402178,0.14793311993097488,0.5289997112492689,8,0.3321293278125275,0.4793410272222712,0.5262091445687604,0.5529909259096115,557,940,1173,1304
210,0.7023411371237458,4,8,15,0.2746723221604,0.802948468641139,0.3987141476849762,0.329415758501106,0.4273475890757851,1,0.3026165095586292,0.45449740111003434,0.5250638710245793,0.5913135406572109,186,444,574,967
211,0.705685618729097,4,8,15,0.238142046515726,0.616083698630137,0.4508454181230509,0.2877202704731296,0.46091091154534175,6,0.33574134437494496,0.47643379437934985,0.5235662056206501,0.5660294247202889,1314,1314,1314,1314
212,0.7090301003344481,4,8,15,0.270005710342461,0.82301987674389,0.3684739182359844,0.3077104348684193,0.4012462890701188,2,0.2928376354506211,0.4434851554929081,0.5222447361465951,0.5828561360232578,194,466,601,1008
213,0.7123745819397993,4,8,15,0.0751945479312016,0.550012692043348,0.4544678157685844,0.08278969012207141,0.43989166833115007,2,0.2142542507268082,0.4292132851731125,0.5184565236543036,0.6034710598185182,100,228,486,1314
214,0.7157190635451505,4,8,15,0.0255142703288257,0.119688913311475,0.35605999468516536,0.3426127388613786,0.4836464628989058,6,0.2991806889260858,0.4576689278477667,0.5180160338296186,0.575984494758171,122,245,404,985
215,0.7190635451505016,4,8,15,0.139878591488856,0.218399179283519,0.4029247354454811,0.22028223331359473,0.408790231008868,4,0.20500396440842217,0.4136199453792617,0.513434939652894,0.6037353537133292,73,159,261,867
216,0.7224080267558528,4,8,15,0.125648690157943,0.449571290991458,0.6207340304959261,0.049426682382549686,0.46654635848396125,9,0.2346929785921945,0.45000440489824683,0.5108800986697207,0.5768654744075412,138,340,548,956
217,0.725752508361204,4,8,15,0.493229583296626,0.493229583296626,0.6429440894869167,0.43423278476782157,0.586164793614912,3,0.5057704167033742,0.5057704167033742,0.5057704167033742,0.5057704167033742,1314,1314,1314,1314
218,0.7290969899665551,4,8,15,0.49942736322791,0.499427363227909,0.6896309014526121,0.37304844802619846,0.6069686484231391,1,0.5005726367720905,0.5005726367720905,0.5005726367720905,0.5005726367720905,1314,1314,1314,1314
219,0.7324414715719063,4,8,15,0.117914654401532,0.327341175302927,0.4523946993892678,0.11032778517039972,0.4571427992679158,3,0.2725751035151088,0.43767068980706547,0.4965201303849881,0.5524623381199895,338,848,1163,1271
220,0.7357859531772575,4,8,15,0.41166417495626,0.649791476777398,0.3411794786222173,0.24521877658761745,0.4405759472927733,2,0.2943353008545503,0.4307990485419787,0.48964848911990133,0.5565148445070919,153,393,663,1113
221,0.7391304347826086,4,8,15,0.260178083710814,0.260178083710814,0.44983316056474476,0.3071079329185712,0.41464760163764053,2,0.2699321645669985,0.42066778257422255,0.4893841952250903,0.5535195136992336,212,428,528,895
222,0.7424749163879598,4,8,15,0.235961918785227,0.846468995150208,0.3866819327013956,0.27639380528686136,0.39072339203617457,2,0.2504625143159193,0.40595542242974186,0.4785481455378381,0.5458549907497137,236,495,657,1030
223,0.745819397993311,4,8,15,0.111382815754295,0.393221589745223,0.4218452420834979,0.056326128370981256,0.45391851305796466,3,0.1981323231433354,0.397850409655537,0.47414324729098756,0.5587172936305171,178,744,1221,1291
224,0.7491638795986622,4,8,15,0.0793777246204501,0.499052887102733,0.8474380557655001,0.025780484085029656,0.5624828643819164,5,0.18870584089507533,0.398114703550348,0.4648929609726015,0.548586027662761,143,328,567,1141
225,0.7525083612040134,4,8,16,0.028018615628579,0.144602822222222,0.3167271111963597,0.19495952855848392,0.4003009926539291,2,0.18262708131442162,0.3621707338560479,0.4609285525504361,0.5573958241564619,119,202,340,753
226,0.7558528428093646,4,8,16,0.114998446128126,0.669835269998059,0.5415544708182256,0.03074581074371699,0.44727765042098494,1,0.19099638798343757,0.38260946172143423,0.4467447801955775,0.5066513963527443,184,406,603,995
227,0.7591973244147158,4,8,16,0.205740451179707,0.812280764068426,0.32578468284110695,0.22972347850104402,0.3759791063932418,2,0.21548762223592635,0.35591577834552024,0.44551140868645933,0.5154611928464452,295,582,732,1040
228,0.7625418060200669,4,8,16,0.178654565299596,0.558121416617723,0.38183835960182994,0.1080437811712692,0.40316230566190864,1,0.25883182098493523,0.3902739846709541,0.442427979913664,0.5052418289137521,271,763,1314,1314
229,0.7658862876254181,4,8,16,0.205024768294926,0.845669164714861,0.34440666509759166,0.23359721881094883,0.3829950475539697,1,0.21522332834111532,0.36243502775085895,0.442163686018853,0.5092943353008546,300,582,729,1045
230,0.7692307692307693,4,8,16,0.191951466173683,0.784983703803696,0.2990410365236119,0.2156317846593925,0.35260602784111805,1,0.20236102546031187,0.3635803012950401,0.4379349837018765,0.513523037617831,296,563,711,1039
231,0.7725752508361204,4,8,16,0.227478440266479,0.853763166022324,0.35687628948425715,0.2526313616795649,0.38220068489003395,2,0.2346048806272575,0.3553871905558982,0.42797991366399435,0.5004845388071536,413,777,831,1087
232,0.7759197324414716,4,8,16,0.0735211442466743,0.231663807087379,0.6167528994851251,0.04120450287942496,0.5860838266188263,2,0.21998061844771385,0.36269932164567,0.42005109681966346,0.47599330455466476,327,652,927,1224
233,0.7792642140468228,4,8,16,0.0965817490733803,0.231535617947566,0.32198424015097693,0.045167134872951535,0.3887178230473981,2,0.1795436525416263,0.3445511408686459,0.406836402079112,0.46498105893753855,454,934,1170,1279
234,0.782608695652174,4,8,16,0.0682092127888602,0.530089083659493,0.7723212162677353,0.01240389612803018,0.6142544261136544,2,0.16439080257246058,0.3293982908994802,0.4046339529556867,0.4718527002026253,192,333,519,1007
235,0.7859531772575251,4,8,16,0.144844910078679,0.782320253522174,0.38169875268306974,0.16828066630644845,0.3714467657664915,2,0.16430270460752355,0.3167121839485508,0.40137432825301733,0.4985463835785393,221,464,564,991
236,0.7892976588628763,4,8,16,0.135434455876075,0.665632822627724,0.44040197520351915,0.018295463895946888,0.39669914374712345,1,0.15232138137609022,0.3283411153202361,0.3907144744956392,0.4536164214606643,232,439,631,1000
237,0.7926421404682275,4,8,16,0.0754768207872434,0.660123833333333,0.4548987570107976,0.016505164786523873,0.5053278028698462,1,0.16668134966082285,0.3223504537045194,0.380583208527883,0.4467447801955775,260,456,641,1016
238,0.7959866220735786,4,8,16,0.0722404233582063,0.255404517123288,0.38718806373230746,0.02090946515199366,0.48401280334870345,1,0.17320059906616156,0.3228790414941415,0.3723900977887411,0.41978680292485243,563,864,1018,1142
239,0.7993311036789298,4,8,16,0.178050202001697,0.620357849636445,0.3279542250726427,0.18934020420710063,0.37281433410271475,2,0.1823627874196106,0.3108096202977711,0.36921857105100875,0.4613690423751211,413,730,799,1060
240,0.802675585284281,5,9,17,0.173923300512342,0.561956931062965,0.3245374603308661,0.18824379484535234,0.362225485474878,1,0.17822218306757115,0.3071095057704167,0.3682494934367016,0.4566998502334596,416,745,804,1066
241,0.8060200668896321,5,9,17,0.117309656793403,0.920774224202798,0.18126686391321695,0.12457194991526702,0.27260187601100533,1,0.12113470178838869,0.29442339881948726,0.36340410536516604,0.4669192141661528,249,504,597,1161
242,0.8093645484949833,5,9,17,0.142803344897366,0.587865906666667,0.2683783425555295,0.14805590274298816,0.33584901799930145,1,0.14729979737468066,0.2945995947493613,0.3558276803805832,0.42947757906792355,423,719,792,1052
243,0.8127090301003345,5,9,17,0.115910398910517,0.115910398910517,0.2217178463724847,0.1180717027088645,0.3092568757185197,1,0.11910844859483746,0.2823539776231169,0.3549467007312131,0.4481543476345696,264,481,617,967
244,0.8160535117056856,5,9,17,0.135854312396425,0.562459108430613,0.2840749886101037,0.1423612685913123,0.33468996301265785,1,0.14034005814465686,0.28887322702845564,0.3519513699233548,0.42621795436525417,425,722,795,1066
245,0.8193979933110368,5,9,17,0.137268189370049,0.525783749936571,0.26067626165543717,0.140024581784127,0.31331714790202275,1,0.14183772354858604,0.2816491939036208,0.35177517399348074,0.44965201303849883,414,728,797,1066
246,0.822742474916388,5,9,17,0.134467608263103,0.638918619730344,0.25109778574202896,0.13709327632422208,0.33965138882612617,2,0.1389304907056647,0.27548233635803016,0.34587261034270106,0.43775878777200244,423,711,789,1062
247,0.8260869565217391,5,9,17,0.138124259996504,0.50292677214129,0.24756612904454964,0.13545907630209436,0.31613723371606006,2,0.1425425072680821,0.27971103867500663,0.3457845123777641,0.4322086159809708,424,738,802,1066
248,0.8294314381270903,5,9,17,0.132910769201122,0.91445013686512,0.2576686640733285,0.14300980533754842,0.33575063245412945,2,0.13752092326667253,0.2780371773412034,0.3441106510439609,0.4211963703638446,428,721,791,1064
249,0.8327759197324415,5,9,17,0.136811090081823,0.625490552093749,0.25248833781443497,0.13835881287051405,0.32822270108481977,2,0.14122103779402695,0.2805039203594397,0.3433177693595278,0.42445599506651394,423,701,783,1067
250,0.8361204013377926,5,9,17,0.132008669679239,0.589766781347855,0.2528931002457412,0.1375111330805219,0.3275602308021699,2,0.13646374768742842,0.2785657651308255,0.34322967139459076,0.4227821337327108,442,751,805,1077
251,0.8394648829431438,5,9,17,0.137126002916489,0.756427120535859,0.2621805875752163,0.13832204663146858,0.3199760844602444,1,0.141573429653775,0.27918245088538457,0.3423486917452207,0.4223416439080257,439,730,800,1059
252,0.842809364548495,5,9,17,0.143181878220524,0.913146513774063,0.2760887531911991,0.14809229876615768,0.3267944729317372,1,0.1476521892344287,0.28015152849969166,0.3416439080257246,0.42604175843538017,427,741,804,1052
253,0.8461538461538461,5,9,17,0.144542892234056,0.506200821920564,0.2518641961871031,0.14421673259001475,0.33824209452870563,1,0.14897365870848384,0.2753942383930931,0.3412915161659766,0.42207735001321467,432,747,806,1075
254,0.8494983277591973,5,9,17,0.134866596428165,0.535702691105774,0.2470448092966938,0.1429638700580999,0.33302109951101505,1,0.13928288256541274,0.2775966875165184,0.3411153202361025,0.424632190996388,415,713,796,1068
255,0.8528428093645485,5,9,18,0.134753028838202,0.531718464814902,0.2584317520937214,0.13794298460574342,0.33609978772208776,1,0.13919478460047574,0.2753061404281561,0.34102722227116555,0.43590873050832524,430,745,798,1070
256,0.8561872909698997,5,9,18,0.120243370376388,0.64087325307047,0.2359189293135853,0.1380961556344742,0.31215645227158934,1,0.12465862038586908,0.2768919037970223,0.34058673244648047,0.4344991630693331,435,723,796,1067
257,0.8595317725752508,5,9,18,0.127661615367117,0.524501155878447,0.23874739705019005,0.13310298798987463,0.3221169155122835,1,0.13214694740551494,0.26825830323319533,0.3404986344815435,0.4224297418729627,435,734,791,1077
258,0.862876254180602,5,9,18,0.128427316439435,0.902234049515276,0.25732173023992594,0.13242173311876787,0.3378685776008249,2,0.132851731125011,0.27486565060347107,0.33847238128799223,0.4201391947846005,415,707,793,1063
259,0.8662207357859532,5,9,18,0.132101158811027,0.641511646884666,0.2442732699114363,0.13706149375078835,0.32287362858270924,1,0.13655184565236542,0.2765395119372743,0.336622324024315,0.4258655625055061,439,744,802,1079
260,0.8695652173913043,5,9,18,0.130981890627361,0.564101862536088,0.26286980060625814,0.13244855208192544,0.3303967665149253,2,0.1354065721081843,0.2735441811294159,0.336269932164567,0.4148533168883799,439,734,801,1061
261,0.8729096989966555,5,9,18,0.130981890627361,0.564101862536088,0.26286980060625814,0.13244855208192544,0.3303967665149253,1,0.1354065721081843,0.2735441811294159,0.336269932164567,0.4148533168883799,439,734,801,1061
262,0.8762541806020067,5,9,18,0.137799556829976,0.92459788780653,0.26259553210114295,0.1427478289760204,0.330605491573045,1,0.14219011540833407,0.274072768919038,0.336269932164567,0.42005109681966346,434,754,808,1067
263,0.8795986622073578,5,9,18,0.0724507309462602,0.13898302890625,0.2689643191913764,0.010873943299480646,0.3212534972384534,1,0.14280680116289313,0.2763633160074002,0.3339793850762047,0.407012598008986,251,522,890,1247
264,0.882943143812709,5,9,18,0.13598772747912,0.907056658197829,0.25859866639118717,0.1411319980967168,0.322832995150634,9,0.14042815610959386,0.2709012421813056,0.33160074002290546,0.4111532023610255,440,726,792,1051
265,0.8862876254180602,5,9,18,0.145887206727738,0.864397254262677,0.2459338280091462,0.1472408884037136,0.3079912432075073,1,0.15011893225266495,0.2716941238657387,0.3268434499163069,0.4166152761871201,483,799,844,1091
266,0.8896321070234113,5,9,18,0.20097844329113,0.634276839087464,0.29616641121458726,0.02308693277633854,0.35283477872754976,3,0.17725310545326403,0.29424720288961326,0.32261474759933045,0.33952955686723635,1314,1314,1314,1314
267,0.8929765886287625,5,9,18,0.0900922404804477,0.813433708015096,0.17541029550309808,0.042486213600822206,0.28696501013324643,2,0.14888556074354684,0.2718703197956127,0.3222623557395824,0.3834023434058673,375,821,1314,1314
268,0.8963210702341137,5,9,18,0.126942005109682,0.9021875,0.2503478090716952,0.12812233155084776,0.3300665553943576,1,0.1221918773676328,0.23407629283763545,0.32155757202008634,0.41265086776495463,305,578,778,1060
269,0.8996655518394648,5,9,18,0.143316394187985,0.903303271352029,0.2247092950055693,0.011058055128594532,0.33780451432912684,1,0.12430622852612104,0.25627698000176197,0.31635979208880277,0.38613338031891464,258,476,668,1202
270,0.903010033444816,5,10,19,0.640973774645406,0.791216322727273,0.18224464391874906,0.2028264506562449,0.3450139654758364,3,0.2009514580213197,0.29891639503127476,0.30913575896396794,0.32279094352920445,1314,1314,1314,1314
271,0.9063545150501672,5,10,19,0.733856047925293,0.733856047925293,0.2616932543132508,0.19161990083703662,0.3846352227260697,2,0.2661439520747071,0.2661439520747071,0.2661439520747071,0.2661439520747071,1314,1314,1314,1314
272,0.9096989966555183,5,10,19,0.094969900283230907,0.762028077951338,0.38176242995530835,0.00825100054307219,0.45461370320048455,2,0.12360144480662497,0.2187472469385957,0.265527266320148,0.3233195313188265,590,884,1075,1314
273,0.9130434782608695,5,10,19,0.0742733225743058,0.38052552611001,0.346944364836168,0.0020370430834649924,0.18567986210834078,2,0.08016914809267905,0.1903797022288785,0.2424455995066514,0.29935688485595985,425,634,813,1128
274,0.9163879598662207,5,10,19,0.0554575306140428,0.97525,0.3795353348425949,0.0027118527766461613,0.49968039211066734,1,0.09946260241388424,0.20244912342524887,0.24200510968196634,0.29671394590784955,443,689,873,1152
275,0.919732441471572,5,10,19,0.0679919176871064,0.21441148135022,0.5212466596410291,0.007514486773267291,0.6584191780962416,2,0.15355475288520834,0.18368425689366574,0.20826358911109152,0.24826006519249405,800,1081,1244,1303
276,0.9230769230769231,5,10,19,0.915107688791109,0.924877283034883,0.2760797034691836,0.007720322231011152,0.22629756318559266,1,0.07285701700290723,0.14826887498898775,0.19769183331865034,0.2767157078671483,464,1307,1314,1314
277,0.9264214046822743,5,10,19,0.835484336181834,0.840401712328767,0.1741397320599563,0.012749488252386214,0.407258078468006,1,0.15672627962294072,0.19496079640560304,0.19769183331865034,0.19883710686283146,1314,1314,1314,1314
278,0.9297658862876255,5,10,19,0.928288256541274,0.928288256541274,0.029949955481870377,0.001177648330701717,0.08401763187633293,1,0.07171174345872611,0.13249933926526297,0.19064399612368954,0.25090300414060435,641,951,1092,1238
279,0.9331103678929766,5,10,19,0.0560764705601848,0.0560764705601848,0.07541185798608052,7.6103500761035e-4,0.14024739903334152,1,0.07541185798608052,0.11778697912078231,0.15152849969165713,0.20808739318121752,808,1088,1252,1309
280,0.9364548494983278,5,10,19,0.0560764705601845,0.0560764705601845,0.07541185798608052,7.6103500761035e-4,0.14024739903334152,1,0.07541185798608052,0.11778697912078231,0.15152849969165713,0.20808739318121752,808,1088,1252,1309
281,0.939799331103679,5,10,19,0.707920021093128,0.922544582904105,0.23751100336140915,0.009738592720478128,0.20365536567274414,1,0.046163333626993215,0.08730508325257687,0.1310016738613338,0.1805127301559334,1308,1314,1314,1314
282,0.9431438127090301,5,10,19,0.0754118579555674,0.0754118579555674,0.07541185798608052,7.6103500761035e-4,0.14024739903334152,1,0.07541185798608052,0.10307461897630164,0.12280856312219188,0.12809444101841247,953,1133,1225,1298
283,0.9464882943143813,5,10,19,0.125054624835774,0.905459503724395,0.0025414077830729098,0.0016648707542513625,0.08060899537746828,1,0.051184917628402785,0.10430799048541979,0.11117963175050656,0.14307109505770416,970,1162,1245,1306
284,0.9498327759197325,5,10,19,0.424588142013919,0.424588142013919,0.07541185798608052,7.6103500761035e-4,0.14024739903334152,1,0.07541185798608052,0.09981499427363227,0.09981499427363227,0.09981499427363227,1314,1314,1314,1314
285,0.9531772575250836,5,10,20,0.883414966577394,0.95033591792582806,0.028099563251649026,0.0018291033090502425,0.086072661195398,2,0.0389393005021584,0.0866883974980178,0.09629107567615187,0.10994626024138843,1314,1314,1314,1314
286,0.9565217391304348,5,10,20,0.792707942502451,0.965593474528505,0.003403606493712755,0.001198279110287851,0.053238394811143355,2,0.016914809267905912,0.0584089507532376,0.08422165447978151,0.106158047749097,936,1129,1220,1296
287,0.959866220735786,5,10,20,0.924107207786186,0.9244638997162,0.10915776747934716,7.79596837064261e-4,0.09099726775956285,2,0.07549995595101754,0.07585234781076557,0.07594044577570258,0.0761166417055766,1314,1314,1314,1314
288,0.9632107023411371,5,10,20,0.924588142013919,0.924588142013919,0.07541185798608052,7.6103500761035e-4,0.14024739903334152,1,0.07541185798608052,0.07541185798608052,0.07541185798608052,0.07541185798608052,1314,1314,1314,1314
289,0.9665551839464883,5,10,20,0.924588142013919,0.924588142013919,0.07541185798608052,7.6103500761035e-4,0.14024739903334152,4,0.07541185798608052,0.07541185798608052,0.07541185798608052,0.07541185798608052,1314,1314,1314,1314
290,0.9698996655518395,5,10,20,0.959819085531023,0.964828693876936,0.03870082127863677,0.004779624754659843,0.15625635731923515,1,0.03471059818518192,0.0504801339089067,0.061492379526032946,0.079640560303057,1314,1314,1314,1314
291,0.9732441471571907,5,10,20,0.523906873705093,0.998639807233479,9.285725267460427e-4,9.570051252148712e-4,0.05568773621376236,1,0.0010571755792441195,0.004052506387102458,0.005638269755968637,0.008985992423575015,1314,1314,1314,1314
292,0.9765886287625418,5,10,20,0.323070617283411,0.956723336199262,5.848956287850732e-4,0.0014072741622208897,0.016938431719117644,1,7.928816844330896e-4,0.002026253193551229,0.003876310457228438,0.008281208704078936,1314,1314,1314,1314
293,0.979933110367893,5,10,20,0.562356337390035,0.983838618552943,8.451495809114514e-7,5.073566717402334e-4,0.002,1,1.761959298740199e-4,0.001761959298740199,0.0029072328429213287,0.006519249405338737,1314,1314,1314,1314
294,0.9832775919732442,5,10,20,5.2858778962206e-4,5.2858778962206e-4,5.285877896220598e-4,7.6103500761035e-4,0.0010566170643655894,1,0,0,0,0,1314,1314,1314,1314
295,0.9866220735785953,5,10,20,5.2858778962206e-4,5.2858778962206e-4,5.285877896220598e-4,7.6103500761035e-4,0.0010566170643655894,2,0,0,0,0,1314,1314,1314,1314
296,0.9899665551839465,5,10,20,5.2858778962206e-4,5.2858778962206e-4,5.285877896220598e-4,7.6103500761035e-4,0.0010566170643655894,1,0,0,0,0,1314,1314,1314,1314
297,0.9933110367892977,5,10,20,0.999383314245441,0.999383314245441,0.5000440722785368,0.0011247649744829439,0.19030312205321018,1,0,0,0,0,1314,1314,1314,1314
298,0.9966555183946488,5,10,20,0.999030922385693,0.999030922385693,0.20094316511513963,0.0018772196854388635,0.2512591326600348,1,0,0,0,0,1314,1314,1314,1314
299,1,5,10,20,5.2858778962206e-4,5.2858778962206e-4,5.285877896220598e-4,7.6103500761035e-4,0.0010566170643655894,1,0,0,0,0,1314,1314,1314,1314
